id,country_id,created_at,updated_at
1,682,"2023-08-24 01:44:08","2023-08-24 01:44:08"
2,682,"2023-08-24 01:44:08","2023-08-24 01:44:08"
3,682,"2023-08-24 01:44:08","2023-08-24 01:44:08"
4,682,"2023-08-24 01:44:08","2023-08-24 01:44:08"
5,682,"2023-08-24 01:44:08","2023-08-24 01:44:08"
6,682,"2023-08-24 01:44:08","2023-08-24 01:44:08"
7,682,"2023-08-24 01:44:08","2023-08-24 01:44:08"
8,682,"2023-08-24 01:44:08","2023-08-24 01:44:08"
9,682,"2023-08-24 01:44:08","2023-08-24 01:44:08"
10,682,"2023-08-24 01:44:08","2023-08-24 01:44:08"
11,682,"2023-08-24 01:44:08","2023-08-24 01:44:08"
12,682,"2023-08-24 01:44:08","2023-08-24 01:44:08"
13,682,"2023-08-24 01:44:08","2023-08-24 01:44:08"
14,682,"2023-08-24 01:44:08","2023-08-24 01:44:08"
15,682,"2023-08-24 01:44:08","2023-08-24 01:44:08"
16,682,"2023-08-24 01:44:08","2023-08-24 01:44:08"
17,682,"2023-08-24 01:44:08","2023-08-24 01:44:08"
18,682,"2023-08-24 01:44:08","2023-08-24 01:44:08"
19,682,"2023-08-24 01:44:08","2023-08-24 01:44:08"
20,784,"2023-08-24 01:44:08","2023-08-24 01:44:08"
21,784,"2023-08-24 01:44:08","2023-08-24 01:44:08"
22,784,"2023-08-24 01:44:08","2023-08-24 01:44:08"
23,784,"2023-08-24 01:44:08","2023-08-24 01:44:08"
24,784,"2023-08-24 01:44:08","2023-08-24 01:44:08"
25,784,"2023-08-24 01:44:08","2023-08-24 01:44:08"
26,784,"2023-08-24 01:44:08","2023-08-24 01:44:08"
27,784,"2023-08-24 01:44:08","2023-08-24 01:44:08"
28,414,"2023-08-24 01:44:08","2023-08-24 01:44:08"
29,414,"2023-08-24 01:44:08","2023-08-24 01:44:08"
30,414,"2023-08-24 01:44:08","2023-08-24 01:44:08"
31,414,"2023-08-24 01:44:08","2023-08-24 01:44:08"
32,414,"2023-08-24 01:44:08","2023-08-24 01:44:08"
33,414,"2023-08-24 01:44:08","2023-08-24 01:44:08"
34,512,"2023-08-24 01:44:08","2023-08-24 01:44:08"
35,512,"2023-08-24 01:44:08","2023-08-24 01:44:08"
36,512,"2023-08-24 01:44:08","2023-08-24 01:44:08"
37,512,"2023-08-24 01:44:08","2023-08-24 01:44:08"
38,512,"2023-08-24 01:44:08","2023-08-24 01:44:08"
39,512,"2023-08-24 01:44:08","2023-08-24 01:44:08"
40,512,"2023-08-24 01:44:08","2023-08-24 01:44:08"
41,512,"2023-08-24 01:44:08","2023-08-24 01:44:08"
42,512,"2023-08-24 01:44:09","2023-08-24 01:44:09"
43,512,"2023-08-24 01:44:09","2023-08-24 01:44:09"
44,512,"2023-08-24 01:44:09","2023-08-24 01:44:09"
45,512,"2023-08-24 01:44:09","2023-08-24 01:44:09"
46,512,"2023-08-24 01:44:09","2023-08-24 01:44:09"
47,512,"2023-08-24 01:44:09","2023-08-24 01:44:09"
48,512,"2023-08-24 01:44:09","2023-08-24 01:44:09"
49,512,"2023-08-24 01:44:09","2023-08-24 01:44:09"
50,512,"2023-08-24 01:44:09","2023-08-24 01:44:09"
51,400,"2023-08-24 01:44:09","2023-08-24 01:44:09"
52,400,"2023-08-24 01:44:09","2023-08-24 01:44:09"
53,400,"2023-08-24 01:44:09","2023-08-24 01:44:09"
54,400,"2023-08-24 01:44:09","2023-08-24 01:44:09"
55,400,"2023-08-24 01:44:09","2023-08-24 01:44:09"
56,400,"2023-08-24 01:44:09","2023-08-24 01:44:09"
57,400,"2023-08-24 01:44:09","2023-08-24 01:44:09"
58,400,"2023-08-24 01:44:09","2023-08-24 01:44:09"
59,400,"2023-08-24 01:44:09","2023-08-24 01:44:09"
60,400,"2023-08-24 01:44:09","2023-08-24 01:44:09"
61,400,"2023-08-24 01:44:09","2023-08-24 01:44:09"
62,400,"2023-08-24 01:44:09","2023-08-24 01:44:09"
63,818,"2023-08-24 01:44:09","2023-08-24 01:44:09"
64,818,"2023-08-24 01:44:09","2023-08-24 01:44:09"
65,818,"2023-08-24 01:44:09","2023-08-24 01:44:09"
66,818,"2023-08-24 01:44:09","2023-08-24 01:44:09"
67,818,"2023-08-24 01:44:09","2023-08-24 01:44:09"
68,818,"2023-08-24 01:44:09","2023-08-24 01:44:09"
69,818,"2023-08-24 01:44:09","2023-08-24 01:44:09"
70,818,"2023-08-24 01:44:09","2023-08-24 01:44:09"
71,818,"2023-08-24 01:44:09","2023-08-24 01:44:09"
72,818,"2023-08-24 01:44:09","2023-08-24 01:44:09"
73,818,"2023-08-24 01:44:09","2023-08-24 01:44:09"
74,818,"2023-08-24 01:44:09","2023-08-24 01:44:09"
75,422,"2023-08-24 01:44:09","2023-08-24 01:44:09"
76,422,"2023-08-24 01:44:09","2023-08-24 01:44:09"
77,422,"2023-08-24 01:44:09","2023-08-24 01:44:09"
78,422,"2023-08-24 01:44:09","2023-08-24 01:44:09"
79,422,"2023-08-24 01:44:09","2023-08-24 01:44:09"
80,422,"2023-08-24 01:44:09","2023-08-24 01:44:09"
81,422,"2023-08-24 01:44:09","2023-08-24 01:44:09"
82,422,"2023-08-24 01:44:09","2023-08-24 01:44:09"
83,422,"2023-08-24 01:44:09","2023-08-24 01:44:09"
84,422,"2023-08-24 01:44:09","2023-08-24 01:44:09"
85,422,"2023-08-24 01:44:09","2023-08-24 01:44:09"
86,422,"2023-08-24 01:44:09","2023-08-24 01:44:09"
87,634,"2023-08-24 01:44:09","2023-08-24 01:44:09"
88,634,"2023-08-24 01:44:10","2023-08-24 01:44:10"
89,634,"2023-08-24 01:44:10","2023-08-24 01:44:10"
90,634,"2023-08-24 01:44:10","2023-08-24 01:44:10"
91,634,"2023-08-24 01:44:10","2023-08-24 01:44:10"
92,634,"2023-08-24 01:44:10","2023-08-24 01:44:10"
93,634,"2023-08-24 01:44:10","2023-08-24 01:44:10"
94,634,"2023-08-24 01:44:10","2023-08-24 01:44:10"
95,48,"2023-08-24 01:44:10","2023-08-24 01:44:10"
96,48,"2023-08-24 01:44:10","2023-08-24 01:44:10"
97,48,"2023-08-24 01:44:10","2023-08-24 01:44:10"
98,48,"2023-08-24 01:44:10","2023-08-24 01:44:10"
99,48,"2023-08-24 01:44:10","2023-08-24 01:44:10"
100,48,"2023-08-24 01:44:10","2023-08-24 01:44:10"
101,48,"2023-08-24 01:44:10","2023-08-24 01:44:10"
102,48,"2023-08-24 01:44:10","2023-08-24 01:44:10"
103,48,"2023-08-24 01:44:10","2023-08-24 01:44:10"
104,48,"2023-08-24 01:44:10","2023-08-24 01:44:10"
105,368,"2023-08-24 01:44:10","2023-08-24 01:44:10"
106,368,"2023-08-24 01:44:10","2023-08-24 01:44:10"
107,368,"2023-08-24 01:44:10","2023-08-24 01:44:10"
108,368,"2023-08-24 01:44:10","2023-08-24 01:44:10"
109,368,"2023-08-24 01:44:10","2023-08-24 01:44:10"
110,368,"2023-08-24 01:44:10","2023-08-24 01:44:10"
111,368,"2023-08-24 01:44:10","2023-08-24 01:44:10"
112,368,"2023-08-24 01:44:10","2023-08-24 01:44:10"
113,368,"2023-08-24 01:44:10","2023-08-24 01:44:10"
114,368,"2023-08-24 01:44:10","2023-08-24 01:44:10"
115,368,"2023-08-24 01:44:10","2023-08-24 01:44:10"
116,368,"2023-08-24 01:44:10","2023-08-24 01:44:10"
117,12,"2023-08-24 01:44:10","2023-08-24 01:44:10"
118,12,"2023-08-24 01:44:10","2023-08-24 01:44:10"
119,12,"2023-08-24 01:44:10","2023-08-24 01:44:10"
120,12,"2023-08-24 01:44:10","2023-08-24 01:44:10"
121,12,"2023-08-24 01:44:10","2023-08-24 01:44:10"
122,12,"2023-08-24 01:44:10","2023-08-24 01:44:10"
123,12,"2023-08-24 01:44:10","2023-08-24 01:44:10"
124,12,"2023-08-24 01:44:10","2023-08-24 01:44:10"
125,12,"2023-08-24 01:44:10","2023-08-24 01:44:10"
126,12,"2023-08-24 01:44:10","2023-08-24 01:44:10"
127,12,"2023-08-24 01:44:10","2023-08-24 01:44:10"
128,12,"2023-08-24 01:44:10","2023-08-24 01:44:10"
129,504,"2023-08-24 01:44:10","2023-08-24 01:44:10"
130,504,"2023-08-24 01:44:10","2023-08-24 01:44:10"
131,504,"2023-08-24 01:44:10","2023-08-24 01:44:10"
132,504,"2023-08-24 01:44:10","2023-08-24 01:44:10"
133,504,"2023-08-24 01:44:11","2023-08-24 01:44:11"
134,504,"2023-08-24 01:44:11","2023-08-24 01:44:11"
135,504,"2023-08-24 01:44:11","2023-08-24 01:44:11"
136,504,"2023-08-24 01:44:11","2023-08-24 01:44:11"
137,504,"2023-08-24 01:44:11","2023-08-24 01:44:11"
138,504,"2023-08-24 01:44:11","2023-08-24 01:44:11"
139,504,"2023-08-24 01:44:11","2023-08-24 01:44:11"
140,504,"2023-08-24 01:44:11","2023-08-24 01:44:11"
141,788,"2023-08-24 01:44:11","2023-08-24 01:44:11"
142,788,"2023-08-24 01:44:11","2023-08-24 01:44:11"
143,788,"2023-08-24 01:44:11","2023-08-24 01:44:11"
144,788,"2023-08-24 01:44:11","2023-08-24 01:44:11"
145,788,"2023-08-24 01:44:11","2023-08-24 01:44:11"
146,788,"2023-08-24 01:44:11","2023-08-24 01:44:11"
147,788,"2023-08-24 01:44:11","2023-08-24 01:44:11"
148,788,"2023-08-24 01:44:11","2023-08-24 01:44:11"
149,788,"2023-08-24 01:44:11","2023-08-24 01:44:11"
150,788,"2023-08-24 01:44:11","2023-08-24 01:44:11"
151,788,"2023-08-24 01:44:11","2023-08-24 01:44:11"
152,788,"2023-08-24 01:44:11","2023-08-24 01:44:11"
153,840,"2023-08-24 01:44:11","2023-08-24 01:44:11"
154,840,"2023-08-24 01:44:11","2023-08-24 01:44:11"
155,840,"2023-08-24 01:44:11","2023-08-24 01:44:11"
156,840,"2023-08-24 01:44:11","2023-08-24 01:44:11"
157,840,"2023-08-24 01:44:11","2023-08-24 01:44:11"
158,840,"2023-08-24 01:44:11","2023-08-24 01:44:11"
159,840,"2023-08-24 01:44:11","2023-08-24 01:44:11"
160,840,"2023-08-24 01:44:11","2023-08-24 01:44:11"
161,840,"2023-08-24 01:44:11","2023-08-24 01:44:11"
162,840,"2023-08-24 01:44:11","2023-08-24 01:44:11"
163,840,"2023-08-24 01:44:11","2023-08-24 01:44:11"
164,840,"2023-08-24 01:44:11","2023-08-24 01:44:11"
165,826,"2023-08-24 01:44:11","2023-08-24 01:44:11"
166,826,"2023-08-24 01:44:11","2023-08-24 01:44:11"
167,826,"2023-08-24 01:44:11","2023-08-24 01:44:11"
168,826,"2023-08-24 01:44:11","2023-08-24 01:44:11"
169,826,"2023-08-24 01:44:11","2023-08-24 01:44:11"
170,826,"2023-08-24 01:44:11","2023-08-24 01:44:11"
171,826,"2023-08-24 01:44:11","2023-08-24 01:44:11"
172,826,"2023-08-24 01:44:11","2023-08-24 01:44:11"
173,826,"2023-08-24 01:44:11","2023-08-24 01:44:11"
174,826,"2023-08-24 01:44:11","2023-08-24 01:44:11"
175,826,"2023-08-24 01:44:11","2023-08-24 01:44:11"
176,826,"2023-08-24 01:44:11","2023-08-24 01:44:11"
177,586,"2023-08-24 01:44:11","2023-08-24 01:44:11"
178,586,"2023-08-24 01:44:11","2023-08-24 01:44:11"
179,586,"2023-08-24 01:44:11","2023-08-24 01:44:11"
180,586,"2023-08-24 01:44:11","2023-08-24 01:44:11"
181,586,"2023-08-24 01:44:11","2023-08-24 01:44:11"
182,586,"2023-08-24 01:44:11","2023-08-24 01:44:11"
183,586,"2023-08-24 01:44:11","2023-08-24 01:44:11"
185,586,"2023-08-24 01:44:11","2023-08-24 01:44:11"
186,586,"2023-08-24 01:44:11","2023-08-24 01:44:11"
187,586,"2023-08-24 01:44:11","2023-08-24 01:44:11"
188,586,"2023-08-24 01:44:11","2023-08-24 01:44:11"
189,586,"2023-08-24 01:44:11","2023-08-24 01:44:11"
190,586,"2023-08-24 01:44:11","2023-08-24 01:44:11"
191,586,"2023-08-24 01:44:11","2023-08-24 01:44:11"
192,586,"2023-08-24 01:44:11","2023-08-24 01:44:11"
193,586,"2023-08-24 01:44:11","2023-08-24 01:44:11"
194,586,"2023-08-24 01:44:11","2023-08-24 01:44:11"
195,586,"2023-08-24 01:44:11","2023-08-24 01:44:11"
196,586,"2023-08-24 01:44:11","2023-08-24 01:44:11"
197,586,"2023-08-24 01:44:11","2023-08-24 01:44:11"
198,586,"2023-08-24 01:44:11","2023-08-24 01:44:11"
199,586,"2023-08-24 01:44:11","2023-08-24 01:44:11"
200,586,"2023-08-24 01:44:11","2023-08-24 01:44:11"
201,586,"2023-08-24 01:44:11","2023-08-24 01:44:11"
202,586,"2023-08-24 01:44:11","2023-08-24 01:44:11"
203,586,"2023-08-24 01:44:11","2023-08-24 01:44:11"
204,586,"2023-08-24 01:44:11","2023-08-24 01:44:11"
205,586,"2023-08-24 01:44:11","2023-08-24 01:44:11"
206,586,"2023-08-24 01:44:11","2023-08-24 01:44:11"
207,586,"2023-08-24 01:44:11","2023-08-24 01:44:11"
208,586,"2023-08-24 01:44:11","2023-08-24 01:44:11"
209,4,"2023-08-24 01:44:08","2023-08-24 01:44:08"
210,4,"2023-08-24 01:44:08","2023-08-24 01:44:08"
211,4,"2023-08-24 01:44:08","2023-08-24 01:44:08"
212,4,"2023-08-24 01:44:08","2023-08-24 01:44:08"
213,4,"2023-08-24 01:44:08","2023-08-24 01:44:08"
214,4,"2023-08-24 01:44:08","2023-08-24 01:44:08"
215,4,"2023-08-24 01:44:08","2023-08-24 01:44:08"
216,4,"2023-08-24 01:44:08","2023-08-24 01:44:08"
217,4,"2023-08-24 01:44:08","2023-08-24 01:44:08"
218,4,"2023-08-24 01:44:08","2023-08-24 01:44:08"
219,4,"2023-08-24 01:44:08","2023-08-24 01:44:08"
220,4,"2023-08-24 01:44:08","2023-08-24 01:44:08"
221,4,"2023-08-24 01:44:08","2023-08-24 01:44:08"
222,4,"2023-08-24 01:44:08","2023-08-24 01:44:08"
223,4,"2023-08-24 01:44:08","2023-08-24 01:44:08"
224,4,"2023-08-24 01:44:08","2023-08-24 01:44:08"
225,4,"2023-08-24 01:44:08","2023-08-24 01:44:08"
226,4,"2023-08-24 01:44:08","2023-08-24 01:44:08"
227,4,"2023-08-24 01:44:08","2023-08-24 01:44:08"
228,4,"2023-08-24 01:44:08","2023-08-24 01:44:08"
229,4,"2023-08-24 01:44:08","2023-08-24 01:44:08"
230,4,"2023-08-24 01:44:08","2023-08-24 01:44:08"
231,4,"2023-08-24 01:44:08","2023-08-24 01:44:08"
232,4,"2023-08-24 01:44:08","2023-08-24 01:44:08"
241,248,"2023-08-24 01:44:08","2023-08-24 01:44:08"
242,248,"2023-08-24 01:44:08","2023-08-24 01:44:08"
243,248,"2023-08-24 01:44:08","2023-08-24 01:44:08"
244,248,"2023-08-24 01:44:08","2023-08-24 01:44:08"
245,248,"2023-08-24 01:44:08","2023-08-24 01:44:08"
246,248,"2023-08-24 01:44:08","2023-08-24 01:44:08"
247,248,"2023-08-24 01:44:08","2023-08-24 01:44:08"
248,248,"2023-08-24 01:44:08","2023-08-24 01:44:08"
249,248,"2023-08-24 01:44:08","2023-08-24 01:44:08"
250,248,"2023-08-24 01:44:08","2023-08-24 01:44:08"
251,248,"2023-08-24 01:44:08","2023-08-24 01:44:08"
252,248,"2023-08-24 01:44:08","2023-08-24 01:44:08"
253,248,"2023-08-24 01:44:08","2023-08-24 01:44:08"
254,8,"2023-08-24 01:44:08","2023-08-24 01:44:08"
255,8,"2023-08-24 01:44:08","2023-08-24 01:44:08"
256,8,"2023-08-24 01:44:08","2023-08-24 01:44:08"
257,8,"2023-08-24 01:44:08","2023-08-24 01:44:08"
258,8,"2023-08-24 01:44:08","2023-08-24 01:44:08"
259,8,"2023-08-24 01:44:08","2023-08-24 01:44:08"
260,8,"2023-08-24 01:44:08","2023-08-24 01:44:08"
261,8,"2023-08-24 01:44:08","2023-08-24 01:44:08"
262,8,"2023-08-24 01:44:08","2023-08-24 01:44:08"
263,8,"2023-08-24 01:44:08","2023-08-24 01:44:08"
264,8,"2023-08-24 01:44:08","2023-08-24 01:44:08"
265,8,"2023-08-24 01:44:08","2023-08-24 01:44:08"
266,8,"2023-08-24 01:44:08","2023-08-24 01:44:08"
267,8,"2023-08-24 01:44:08","2023-08-24 01:44:08"
268,8,"2023-08-24 01:44:08","2023-08-24 01:44:08"
269,8,"2023-08-24 01:44:08","2023-08-24 01:44:08"
270,16,"2023-08-24 01:44:08","2023-08-24 01:44:08"
271,16,"2023-08-24 01:44:08","2023-08-24 01:44:08"
272,16,"2024-09-30 13:10:23","2024-09-30 13:10:23"
273,16,"2024-09-30 13:10:23","2024-09-30 13:10:23"
274,16,"2024-09-30 13:12:03","2024-09-30 13:12:03"
275,16,"2024-09-30 13:13:22","2024-09-30 13:13:22"
276,16,"2024-09-30 13:13:22","2024-09-30 13:13:22"
277,16,"2024-09-30 13:12:03","2024-09-30 13:12:03"
278,16,"2024-09-30 13:10:23","2024-09-30 13:10:23"
279,16,"2024-09-30 13:10:23","2024-09-30 13:10:23"
280,16,"2023-08-24 01:44:08","2023-08-24 01:44:08"
281,16,"2023-08-24 01:44:08","2023-08-24 01:44:08"
282,16,"2023-08-24 01:44:08","2023-08-24 01:44:08"
283,20,"2023-08-24 01:44:08","2023-08-24 01:44:08"
284,20,"2023-08-24 01:44:08","2023-08-24 01:44:08"
285,20,"2023-08-24 01:44:08","2023-08-24 01:44:08"
286,20,"2023-08-24 01:44:08","2023-08-24 01:44:08"
287,20,"2023-08-24 01:44:08","2023-08-24 01:44:08"
288,20,"2023-08-24 01:44:08","2023-08-24 01:44:08"
289,20,"2023-08-24 01:44:08","2023-08-24 01:44:08"
290,20,"2023-08-24 01:44:08","2023-08-24 01:44:08"
291,24,"2023-08-24 01:44:08","2023-08-24 01:44:08"
292,24,"2023-08-24 01:44:08","2023-08-24 01:44:08"
293,24,"2023-08-24 01:44:08","2023-08-24 01:44:08"
294,24,"2023-08-24 01:44:08","2023-08-24 01:44:08"
295,24,"2023-08-24 01:44:08","2023-08-24 01:44:08"
296,24,"2023-08-24 01:44:08","2023-08-24 01:44:08"
297,24,"2023-08-24 01:44:08","2023-08-24 01:44:08"
298,24,"2023-08-24 01:44:08","2023-08-24 01:44:08"
299,24,"2023-08-24 01:44:08","2023-08-24 01:44:08"
300,24,"2023-08-24 01:44:08","2023-08-24 01:44:08"
301,24,"2023-08-24 01:44:08","2023-08-24 01:44:08"
303,660,"2023-08-24 01:44:08","2023-08-24 01:44:08"
304,660,"2023-08-24 01:44:08","2023-08-24 01:44:08"
305,660,"2023-08-24 01:44:08","2023-08-24 01:44:08"
306,660,"2023-08-24 01:44:08","2023-08-24 01:44:08"
307,660,"2023-08-24 01:44:08","2023-08-24 01:44:08"
308,660,"2023-08-24 01:44:08","2023-08-24 01:44:08"
309,660,"2023-08-24 01:44:08","2023-08-24 01:44:08"
310,660,"2023-08-24 01:44:08","2023-08-24 01:44:08"
311,10,"2023-08-24 01:44:08","2023-08-24 01:44:08"
312,10,"2023-08-24 01:44:08","2023-08-24 01:44:08"
313,10,"2023-08-24 01:44:08","2023-08-24 01:44:08"
314,10,"2023-08-24 01:44:08","2023-08-24 01:44:08"
315,10,"2023-08-24 01:44:08","2023-08-24 01:44:08"
316,10,"2023-08-24 01:44:08","2023-08-24 01:44:08"
317,10,"2023-08-24 01:44:08","2023-08-24 01:44:08"
318,10,"2023-08-24 01:44:08","2023-08-24 01:44:08"
319,28,"2023-08-24 01:44:08","2023-08-24 01:44:08"
320,28,"2023-08-24 01:44:08","2023-08-24 01:44:08"
321,28,"2023-08-24 01:44:08","2023-08-24 01:44:08"
322,28,"2023-08-24 01:44:08","2023-08-24 01:44:08"
323,28,"2023-08-24 01:44:08","2023-08-24 01:44:08"
324,28,"2023-08-24 01:44:08","2023-08-24 01:44:08"
325,28,"2023-08-24 01:44:08","2023-08-24 01:44:08"
326,28,"2023-08-24 01:44:08","2023-08-24 01:44:08"
327,28,"2023-08-24 01:44:08","2023-08-24 01:44:08"
328,28,"2023-08-24 01:44:08","2023-08-24 01:44:08"
329,32,"2023-08-24 01:44:08","2023-08-24 01:44:08"
330,32,"2023-08-24 01:44:08","2023-08-24 01:44:08"
331,32,"2023-08-24 01:44:08","2023-08-24 01:44:08"
332,32,"2023-08-24 01:44:08","2023-08-24 01:44:08"
333,32,"2023-08-24 01:44:08","2023-08-24 01:44:08"
334,32,"2023-08-24 01:44:08","2023-08-24 01:44:08"
335,32,"2023-08-24 01:44:08","2023-08-24 01:44:08"
336,32,"2023-08-24 01:44:08","2023-08-24 01:44:08"
337,32,"2023-08-24 01:44:08","2023-08-24 01:44:08"
338,32,"2023-08-24 01:44:08","2023-08-24 01:44:08"
339,32,"2023-08-24 01:44:08","2023-08-24 01:44:08"
340,32,"2023-08-24 01:44:08","2023-08-24 01:44:08"
341,32,"2023-08-24 01:44:08","2023-08-24 01:44:08"
342,32,"2023-08-24 01:44:08","2023-08-24 01:44:08"
343,32,"2023-08-24 01:44:08","2023-08-24 01:44:08"
344,32,"2023-08-24 01:44:08","2023-08-24 01:44:08"
345,32,"2023-08-24 01:44:08","2023-08-24 01:44:08"
346,32,"2023-08-24 01:44:08","2023-08-24 01:44:08"
347,32,"2023-08-24 01:44:08","2023-08-24 01:44:08"
348,51,"2023-08-24 01:44:08","2023-08-24 01:44:08"
349,51,"2023-08-24 01:44:08","2023-08-24 01:44:08"
350,51,"2023-08-24 01:44:08","2023-08-24 01:44:08"
351,51,"2023-08-24 01:44:08","2023-08-24 01:44:08"
352,51,"2023-08-24 01:44:08","2023-08-24 01:44:08"
353,51,"2023-08-24 01:44:08","2023-08-24 01:44:08"
354,51,"2023-08-24 01:44:08","2023-08-24 01:44:08"
355,51,"2023-08-24 01:44:08","2023-08-24 01:44:08"
356,51,"2023-08-24 01:44:08","2023-08-24 01:44:08"
357,51,"2023-08-24 01:44:08","2023-08-24 01:44:08"
358,51,"2023-08-24 01:44:08","2023-08-24 01:44:08"
359,51,"2023-08-24 01:44:08","2023-08-24 01:44:08"
360,51,"2023-08-24 01:44:08","2023-08-24 01:44:08"
361,51,"2023-08-24 01:44:08","2023-08-24 01:44:08"
362,51,"2023-08-24 01:44:08","2023-08-24 01:44:08"
363,51,"2023-08-24 01:44:08","2023-08-24 01:44:08"
364,533,"2023-08-24 01:44:08","2023-08-24 01:44:08"
365,533,"2023-08-24 01:44:08","2023-08-24 01:44:08"
366,533,"2023-08-24 01:44:08","2023-08-24 01:44:08"
367,533,"2023-08-24 01:44:08","2023-08-24 01:44:08"
368,533,"2023-08-24 01:44:08","2023-08-24 01:44:08"
369,533,"2023-08-24 01:44:08","2023-08-24 01:44:08"
370,36,"2023-08-24 01:44:08","2023-08-24 01:44:08"
371,36,"2023-08-24 01:44:08","2023-08-24 01:44:08"
372,36,"2023-08-24 01:44:08","2023-08-24 01:44:08"
373,36,"2023-08-24 01:44:08","2023-08-24 01:44:08"
374,36,"2023-08-24 01:44:08","2023-08-24 01:44:08"
375,36,"2023-08-24 01:44:08","2023-08-24 01:44:08"
376,36,"2023-08-24 01:44:08","2023-08-24 01:44:08"
377,36,"2023-08-24 01:44:08","2023-08-24 01:44:08"
378,36,"2023-08-24 01:44:08","2023-08-24 01:44:08"
379,36,"2023-08-24 01:44:08","2023-08-24 01:44:08"
380,36,"2023-08-24 01:44:08","2023-08-24 01:44:08"
381,36,"2023-08-24 01:44:08","2023-08-24 01:44:08"
382,36,"2023-08-24 01:44:08","2023-08-24 01:44:08"
383,36,"2023-08-24 01:44:08","2023-08-24 01:44:08"
384,36,"2023-08-24 01:44:08","2023-08-24 01:44:08"
385,36,"2023-08-24 01:44:08","2023-08-24 01:44:08"
386,36,"2023-08-24 01:44:08","2023-08-24 01:44:08"
387,40,"2023-08-24 01:44:08","2023-08-24 01:44:08"
388,40,"2023-08-24 01:44:08","2023-08-24 01:44:08"
389,40,"2023-08-24 01:44:08","2023-08-24 01:44:08"
390,40,"2023-08-24 01:44:08","2023-08-24 01:44:08"
391,40,"2023-08-24 01:44:08","2023-08-24 01:44:08"
392,40,"2023-08-24 01:44:08","2023-08-24 01:44:08"
393,40,"2023-08-24 01:44:08","2023-08-24 01:44:08"
394,40,"2023-08-24 01:44:08","2023-08-24 01:44:08"
395,40,"2023-08-24 01:44:08","2023-08-24 01:44:08"
396,40,"2023-08-24 01:44:08","2023-08-24 01:44:08"
397,40,"2023-08-24 01:44:08","2023-08-24 01:44:08"
398,40,"2023-08-24 01:44:08","2023-08-24 01:44:08"
399,40,"2023-08-24 01:44:08","2023-08-24 01:44:08"
400,40,"2023-08-24 01:44:08","2023-08-24 01:44:08"
401,31,"2023-08-24 01:44:08","2023-08-24 01:44:08"
402,31,"2023-08-24 01:44:08","2023-08-24 01:44:08"
403,31,"2023-08-24 01:44:08","2023-08-24 01:44:08"
404,31,"2023-08-24 01:44:08","2023-08-24 01:44:08"
405,31,"2023-08-24 01:44:08","2023-08-24 01:44:08"
406,31,"2023-08-24 01:44:08","2023-08-24 01:44:08"
407,31,"2023-08-24 01:44:08","2023-08-24 01:44:08"
408,31,"2023-08-24 01:44:08","2023-08-24 01:44:08"
409,31,"2023-08-24 01:44:08","2023-08-24 01:44:08"
410,31,"2023-08-24 01:44:08","2023-08-24 01:44:08"
411,31,"2023-08-24 01:44:08","2023-08-24 01:44:08"
412,31,"2023-08-24 01:44:08","2023-08-24 01:44:08"
413,31,"2023-08-24 01:44:08","2023-08-24 01:44:08"
414,31,"2023-08-24 01:44:08","2023-08-24 01:44:08"
415,31,"2023-08-24 01:44:08","2023-08-24 01:44:08"
416,44,"2023-08-24 01:44:08","2023-08-24 01:44:08"
417,44,"2023-08-24 01:44:08","2023-08-24 01:44:08"
418,44,"2023-08-24 01:44:08","2023-08-24 01:44:08"
419,44,"2023-08-24 01:44:08","2023-08-24 01:44:08"
420,44,"2023-08-24 01:44:08","2023-08-24 01:44:08"
421,44,"2023-08-24 01:44:08","2023-08-24 01:44:08"
422,44,"2023-08-24 01:44:08","2023-08-24 01:44:08"
423,44,"2023-08-24 01:44:08","2023-08-24 01:44:08"
424,44,"2023-08-24 01:44:08","2023-08-24 01:44:08"
425,44,"2023-08-24 01:44:08","2023-08-24 01:44:08"
426,44,"2023-08-24 01:44:08","2023-08-24 01:44:08"
427,44,"2023-08-24 01:44:08","2023-08-24 01:44:08"
428,44,"2023-08-24 01:44:08","2023-08-24 01:44:08"
429,44,"2023-08-24 01:44:08","2023-08-24 01:44:08"
430,44,"2023-08-24 01:44:08","2023-08-24 01:44:08"
431,48,"2023-08-24 01:44:08","2023-08-24 01:44:08"
432,48,"2023-08-24 01:44:08","2023-08-24 01:44:08"
433,48,"2023-08-24 01:44:08","2023-08-24 01:44:08"
434,48,"2023-08-24 01:44:08","2023-08-24 01:44:08"
435,48,"2023-08-24 01:44:08","2023-08-24 01:44:08"
436,48,"2023-08-24 01:44:08","2023-08-24 01:44:08"
437,48,"2023-08-24 01:44:08","2023-08-24 01:44:08"
438,48,"2023-08-24 01:44:08","2023-08-24 01:44:08"
439,48,"2023-08-24 01:44:08","2023-08-24 01:44:08"
440,48,"2023-08-24 01:44:08","2023-08-24 01:44:08"
441,48,"2023-08-24 01:44:08","2023-08-24 01:44:08"
442,48,"2023-08-24 01:44:08","2023-08-24 01:44:08"
443,48,"2023-08-24 01:44:08","2023-08-24 01:44:08"
444,48,"2023-08-24 01:44:08","2023-08-24 01:44:08"
445,50,"2023-08-24 01:44:08","2023-08-24 01:44:08"
446,50,"2023-08-24 01:44:08","2023-08-24 01:44:08"
447,50,"2023-08-24 01:44:08","2023-08-24 01:44:08"
448,50,"2023-08-24 01:44:08","2023-08-24 01:44:08"
449,50,"2023-08-24 01:44:08","2023-08-24 01:44:08"
450,50,"2023-08-24 01:44:08","2023-08-24 01:44:08"
451,50,"2023-08-24 01:44:08","2023-08-24 01:44:08"
452,50,"2023-08-24 01:44:08","2023-08-24 01:44:08"
453,50,"2023-08-24 01:44:08","2023-08-24 01:44:08"
454,50,"2023-08-24 01:44:08","2023-08-24 01:44:08"
455,50,"2023-08-24 01:44:08","2023-08-24 01:44:08"
456,50,"2023-08-24 01:44:08","2023-08-24 01:44:08"
457,50,"2023-08-24 01:44:08","2023-08-24 01:44:08"
458,50,"2023-08-24 01:44:08","2023-08-24 01:44:08"
459,50,"2023-08-24 01:44:08","2023-08-24 01:44:08"
460,52,"2023-08-24 01:44:08","2023-08-24 01:44:08"
461,52,"2023-08-24 01:44:08","2023-08-24 01:44:08"
462,52,"2023-08-24 01:44:08","2023-08-24 01:44:08"
463,52,"2023-08-24 01:44:08","2023-08-24 01:44:08"
464,52,"2023-08-24 01:44:08","2023-08-24 01:44:08"
465,52,"2023-08-24 01:44:08","2023-08-24 01:44:08"
466,52,"2023-08-24 01:44:08","2023-08-24 01:44:08"
467,52,"2023-08-24 01:44:08","2023-08-24 01:44:08"
468,52,"2023-08-24 01:44:08","2023-08-24 01:44:08"
469,52,"2023-08-24 01:44:08","2023-08-24 01:44:08"
470,52,"2023-08-24 01:44:08","2023-08-24 01:44:08"
471,52,"2023-08-24 01:44:08","2023-08-24 01:44:08"
472,52,"2023-08-24 01:44:08","2023-08-24 01:44:08"
473,52,"2023-08-24 01:44:08","2023-08-24 01:44:08"
474,52,"2023-08-24 01:44:08","2023-08-24 01:44:08"
475,112,"2023-08-24 01:44:08","2023-08-24 01:44:08"
476,112,"2023-08-24 01:44:08","2023-08-24 01:44:08"
477,112,"2023-08-24 01:44:08","2023-08-24 01:44:08"
478,112,"2023-08-24 01:44:08","2023-08-24 01:44:08"
479,112,"2023-08-24 01:44:08","2023-08-24 01:44:08"
480,112,"2023-08-24 01:44:08","2023-08-24 01:44:08"
481,112,"2023-08-24 01:44:08","2023-08-24 01:44:08"
482,112,"2023-08-24 01:44:08","2023-08-24 01:44:08"
483,112,"2023-08-24 01:44:08","2023-08-24 01:44:08"
484,112,"2023-08-24 01:44:08","2023-08-24 01:44:08"
485,112,"2023-08-24 01:44:08","2023-08-24 01:44:08"
486,112,"2023-08-24 01:44:08","2023-08-24 01:44:08"
487,112,"2023-08-24 01:44:08","2023-08-24 01:44:08"
488,112,"2023-08-24 01:44:08","2023-08-24 01:44:08"
489,112,"2023-08-24 01:44:08","2023-08-24 01:44:08"
490,56,"2023-08-24 01:44:08","2023-08-24 01:44:08"
491,56,"2023-08-24 01:44:08","2023-08-24 01:44:08"
492,56,"2023-08-24 01:44:08","2023-08-24 01:44:08"
493,56,"2023-08-24 01:44:08","2023-08-24 01:44:08"
494,56,"2023-08-24 01:44:08","2023-08-24 01:44:08"
495,56,"2023-08-24 01:44:08","2023-08-24 01:44:08"
496,56,"2023-08-24 01:44:08","2023-08-24 01:44:08"
497,56,"2023-08-24 01:44:08","2023-08-24 01:44:08"
498,56,"2023-08-24 01:44:08","2023-08-24 01:44:08"
499,56,"2023-08-24 01:44:08","2023-08-24 01:44:08"
500,56,"2023-08-24 01:44:08","2023-08-24 01:44:08"
501,56,"2023-08-24 01:44:08","2023-08-24 01:44:08"
502,56,"2023-08-24 01:44:08","2023-08-24 01:44:08"
503,56,"2023-08-24 01:44:08","2023-08-24 01:44:08"
504,56,"2023-08-24 01:44:08","2023-08-24 01:44:08"
505,84,"2023-08-24 01:44:08","2023-08-24 01:44:08"
506,84,"2023-08-24 01:44:08","2023-08-24 01:44:08"
507,84,"2023-08-24 01:44:08","2023-08-24 01:44:08"
508,84,"2023-08-24 01:44:08","2023-08-24 01:44:08"
509,84,"2023-08-24 01:44:08","2023-08-24 01:44:08"
510,84,"2023-08-24 01:44:08","2023-08-24 01:44:08"
511,84,"2023-08-24 01:44:08","2023-08-24 01:44:08"
512,84,"2023-08-24 01:44:08","2023-08-24 01:44:08"
513,84,"2023-08-24 01:44:08","2023-08-24 01:44:08"
514,84,"2023-08-24 01:44:08","2023-08-24 01:44:08"
515,84,"2023-08-24 01:44:08","2023-08-24 01:44:08"
516,84,"2023-08-24 01:44:08","2023-08-24 01:44:08"
517,84,"2023-08-24 01:44:08","2023-08-24 01:44:08"
518,84,"2023-08-24 01:44:08","2023-08-24 01:44:08"
519,204,"2023-08-24 01:44:08","2023-08-24 01:44:08"
520,204,"2023-08-24 01:44:08","2023-08-24 01:44:08"
521,204,"2023-08-24 01:44:08","2023-08-24 01:44:08"
522,204,"2023-08-24 01:44:08","2023-08-24 01:44:08"
523,204,"2023-08-24 01:44:08","2023-08-24 01:44:08"
524,204,"2023-08-24 01:44:08","2023-08-24 01:44:08"
525,204,"2023-08-24 01:44:08","2023-08-24 01:44:08"
526,204,"2023-08-24 01:44:08","2023-08-24 01:44:08"
527,204,"2023-08-24 01:44:08","2023-08-24 01:44:08"
528,204,"2023-08-24 01:44:08","2023-08-24 01:44:08"
529,204,"2023-08-24 01:44:08","2023-08-24 01:44:08"
530,204,"2023-08-24 01:44:08","2023-08-24 01:44:08"
531,204,"2023-08-24 01:44:08","2023-08-24 01:44:08"
532,204,"2023-08-24 01:44:08","2023-08-24 01:44:08"
533,60,"2023-08-24 01:44:08","2023-08-24 01:44:08"
534,60,"2023-08-24 01:44:08","2023-08-24 01:44:08"
535,60,"2023-08-24 01:44:08","2023-08-24 01:44:08"
536,60,"2023-08-24 01:44:08","2023-08-24 01:44:08"
537,60,"2023-08-24 01:44:08","2023-08-24 01:44:08"
538,60,"2023-08-24 01:44:08","2023-08-24 01:44:08"
539,60,"2023-08-24 01:44:08","2023-08-24 01:44:08"
540,60,"2023-08-24 01:44:08","2023-08-24 01:44:08"
541,60,"2023-08-24 01:44:08","2023-08-24 01:44:08"
542,60,"2023-08-24 01:44:08","2023-08-24 01:44:08"
543,60,"2023-08-24 01:44:08","2023-08-24 01:44:08"
544,64,"2023-08-24 01:44:08","2023-08-24 01:44:08"
545,64,"2023-08-24 01:44:08","2023-08-24 01:44:08"
546,64,"2023-08-24 01:44:08","2023-08-24 01:44:08"
547,64,"2023-08-24 01:44:08","2023-08-24 01:44:08"
548,64,"2023-08-24 01:44:08","2023-08-24 01:44:08"
549,64,"2023-08-24 01:44:08","2023-08-24 01:44:08"
550,64,"2023-08-24 01:44:08","2023-08-24 01:44:08"
551,64,"2023-08-24 01:44:08","2023-08-24 01:44:08"
552,64,"2023-08-24 01:44:08","2023-08-24 01:44:08"
553,64,"2023-08-24 01:44:08","2023-08-24 01:44:08"
554,64,"2023-08-24 01:44:08","2023-08-24 01:44:08"
556,68,"2023-08-24 01:44:08","2023-08-24 01:44:08"
557,68,"2023-08-24 01:44:08","2023-08-24 01:44:08"
558,68,"2023-08-24 01:44:08","2023-08-24 01:44:08"
559,68,"2023-08-24 01:44:08","2023-08-24 01:44:08"
560,68,"2023-08-24 01:44:08","2023-08-24 01:44:08"
561,68,"2023-08-24 01:44:08","2023-08-24 01:44:08"
562,68,"2023-08-24 01:44:08","2023-08-24 01:44:08"
563,68,"2023-08-24 01:44:08","2023-08-24 01:44:08"
564,68,"2023-08-24 01:44:08","2023-08-24 01:44:08"
565,68,"2023-08-24 01:44:08","2023-08-24 01:44:08"
566,68,"2023-08-24 01:44:08","2023-08-24 01:44:08"
567,68,"2023-08-24 01:44:08","2023-08-24 01:44:08"
568,68,"2023-08-24 01:44:08","2023-08-24 01:44:08"
569,68,"2023-08-24 01:44:08","2023-08-24 01:44:08"
570,535,"2023-08-24 01:44:08","2023-08-24 01:44:08"
571,535,"2023-08-24 01:44:08","2023-08-24 01:44:08"
572,535,"2023-08-24 01:44:08","2023-08-24 01:44:08"
573,535,"2023-08-24 01:44:08","2023-08-24 01:44:08"
574,535,"2023-08-24 01:44:08","2023-08-24 01:44:08"
575,535,"2023-08-24 01:44:08","2023-08-24 01:44:08"
576,535,"2023-08-24 01:44:08","2023-08-24 01:44:08"
577,70,"2023-08-24 01:44:08","2023-08-24 01:44:08"
578,70,"2023-08-24 01:44:08","2023-08-24 01:44:08"
579,70,"2023-08-24 01:44:08","2023-08-24 01:44:08"
580,70,"2023-08-24 01:44:08","2023-08-24 01:44:08"
581,70,"2023-08-24 01:44:08","2023-08-24 01:44:08"
582,70,"2023-08-24 01:44:08","2023-08-24 01:44:08"
583,70,"2023-08-24 01:44:08","2023-08-24 01:44:08"
584,70,"2023-08-24 01:44:08","2023-08-24 01:44:08"
585,70,"2023-08-24 01:44:08","2023-08-24 01:44:08"
586,70,"2023-08-24 01:44:08","2023-08-24 01:44:08"
587,70,"2023-08-24 01:44:08","2023-08-24 01:44:08"
588,70,"2023-08-24 01:44:08","2023-08-24 01:44:08"
589,70,"2023-08-24 01:44:08","2023-08-24 01:44:08"
590,70,"2023-08-24 01:44:08","2023-08-24 01:44:08"
591,70,"2023-08-24 01:44:08","2023-08-24 01:44:08"
592,72,"2023-08-24 01:44:08","2023-08-24 01:44:08"
593,72,"2023-08-24 01:44:08","2023-08-24 01:44:08"
594,72,"2023-08-24 01:44:08","2023-08-24 01:44:08"
595,72,"2023-08-24 01:44:08","2023-08-24 01:44:08"
596,72,"2023-08-24 01:44:08","2023-08-24 01:44:08"
597,72,"2023-08-24 01:44:08","2023-08-24 01:44:08"
598,72,"2023-08-24 01:44:08","2023-08-24 01:44:08"
599,72,"2023-08-24 01:44:08","2023-08-24 01:44:08"
600,72,"2023-08-24 01:44:08","2023-08-24 01:44:08"
601,72,"2023-08-24 01:44:08","2023-08-24 01:44:08"
602,72,"2023-08-24 01:44:08","2023-08-24 01:44:08"
603,72,"2023-08-24 01:44:08","2023-08-24 01:44:08"
604,72,"2023-08-24 01:44:08","2023-08-24 01:44:08"
605,72,"2023-08-24 01:44:08","2023-08-24 01:44:08"
606,72,"2023-08-24 01:44:08","2023-08-24 01:44:08"
607,74,"2023-08-24 01:44:08","2023-08-24 01:44:08"
608,76,"2023-08-24 01:44:08","2023-08-24 01:44:08"
609,76,"2023-08-24 01:44:08","2023-08-24 01:44:08"
610,76,"2023-08-24 01:44:08","2023-08-24 01:44:08"
611,76,"2023-08-24 01:44:08","2023-08-24 01:44:08"
612,76,"2023-08-24 01:44:08","2023-08-24 01:44:08"
613,76,"2023-08-24 01:44:08","2023-08-24 01:44:08"
614,76,"2023-08-24 01:44:08","2023-08-24 01:44:08"
615,76,"2023-08-24 01:44:08","2023-08-24 01:44:08"
616,76,"2023-08-24 01:44:08","2023-08-24 01:44:08"
617,76,"2023-08-24 01:44:08","2023-08-24 01:44:08"
618,76,"2023-08-24 01:44:08","2023-08-24 01:44:08"
619,76,"2023-08-24 01:44:08","2023-08-24 01:44:08"
620,76,"2023-08-24 01:44:08","2023-08-24 01:44:08"
621,76,"2023-08-24 01:44:08","2023-08-24 01:44:08"
622,76,"2023-08-24 01:44:08","2023-08-24 01:44:08"
623,76,"2023-08-24 01:44:08","2023-08-24 01:44:08"
624,76,"2023-08-24 01:44:08","2023-08-24 01:44:08"
625,76,"2023-08-24 01:44:08","2023-08-24 01:44:08"
626,76,"2023-08-24 01:44:08","2023-08-24 01:44:08"
627,76,"2023-08-24 01:44:08","2023-08-24 01:44:08"
628,76,"2023-08-24 01:44:08","2023-08-24 01:44:08"
629,86,"2023-08-24 01:44:08","2023-08-24 01:44:08"
630,96,"2023-08-24 01:44:08","2023-08-24 01:44:08"
631,96,"2023-08-24 01:44:08","2023-08-24 01:44:08"
632,96,"2023-08-24 01:44:08","2023-08-24 01:44:08"
633,96,"2023-08-24 01:44:08","2023-08-24 01:44:08"
634,96,"2023-08-24 01:44:08","2023-08-24 01:44:08"
635,96,"2023-08-24 01:44:08","2023-08-24 01:44:08"
636,96,"2023-08-24 01:44:08","2023-08-24 01:44:08"
637,96,"2023-08-24 01:44:08","2023-08-24 01:44:08"
638,100,"2023-08-24 01:44:08","2023-08-24 01:44:08"
639,100,"2023-08-24 01:44:08","2023-08-24 01:44:08"
640,100,"2023-08-24 01:44:08","2023-08-24 01:44:08"
641,100,"2023-08-24 01:44:08","2023-08-24 01:44:08"
642,100,"2023-08-24 01:44:08","2023-08-24 01:44:08"
643,100,"2023-08-24 01:44:08","2023-08-24 01:44:08"
644,100,"2023-08-24 01:44:08","2023-08-24 01:44:08"
645,100,"2023-08-24 01:44:08","2023-08-24 01:44:08"
646,100,"2023-08-24 01:44:08","2023-08-24 01:44:08"
647,100,"2023-08-24 01:44:08","2023-08-24 01:44:08"
648,100,"2023-08-24 01:44:08","2023-08-24 01:44:08"
649,100,"2023-08-24 01:44:08","2023-08-24 01:44:08"
650,100,"2023-08-24 01:44:08","2023-08-24 01:44:08"
651,100,"2023-08-24 01:44:08","2023-08-24 01:44:08"
652,100,"2023-08-24 01:44:08","2023-08-24 01:44:08"
653,100,"2023-08-24 01:44:08","2023-08-24 01:44:08"
654,100,"2023-08-24 01:44:08","2023-08-24 01:44:08"
655,100,"2023-08-24 01:44:08","2023-08-24 01:44:08"
656,854,"2023-08-24 01:44:08","2023-08-24 01:44:08"
657,854,"2023-08-24 01:44:08","2023-08-24 01:44:08"
658,854,"2023-08-24 01:44:08","2023-08-24 01:44:08"
659,854,"2023-08-24 01:44:08","2023-08-24 01:44:08"
660,854,"2023-08-24 01:44:08","2023-08-24 01:44:08"
661,854,"2023-08-24 01:44:08","2023-08-24 01:44:08"
662,854,"2023-08-24 01:44:08","2023-08-24 01:44:08"
663,854,"2023-08-24 01:44:08","2023-08-24 01:44:08"
664,854,"2023-08-24 01:44:08","2023-08-24 01:44:08"
665,854,"2023-08-24 01:44:08","2023-08-24 01:44:08"
666,854,"2023-08-24 01:44:08","2023-08-24 01:44:08"
667,854,"2023-08-24 01:44:08","2023-08-24 01:44:08"
668,854,"2023-08-24 01:44:08","2023-08-24 01:44:08"
669,854,"2023-08-24 01:44:08","2023-08-24 01:44:08"
670,854,"2023-08-24 01:44:08","2023-08-24 01:44:08"
671,854,"2023-08-24 01:44:08","2023-08-24 01:44:08"
673,108,"2023-08-24 01:44:08","2023-08-24 01:44:08"
674,108,"2023-08-24 01:44:08","2023-08-24 01:44:08"
675,108,"2023-08-24 01:44:08","2023-08-24 01:44:08"
676,108,"2023-08-24 01:44:08","2023-08-24 01:44:08"
677,108,"2023-08-24 01:44:08","2023-08-24 01:44:08"
678,108,"2023-08-24 01:44:08","2023-08-24 01:44:08"
679,108,"2023-08-24 01:44:08","2023-08-24 01:44:08"
680,108,"2023-08-24 01:44:08","2023-08-24 01:44:08"
681,108,"2023-08-24 01:44:08","2023-08-24 01:44:08"
682,108,"2023-08-24 01:44:08","2023-08-24 01:44:08"
683,108,"2023-08-24 01:44:08","2023-08-24 01:44:08"
684,108,"2023-08-24 01:44:08","2023-08-24 01:44:08"
685,108,"2023-08-24 01:44:08","2023-08-24 01:44:08"
688,132,"2023-08-24 01:44:08","2023-08-24 01:44:08"
689,132,"2023-08-24 01:44:08","2023-08-24 01:44:08"
690,132,"2023-08-24 01:44:08","2023-08-24 01:44:08"
691,132,"2023-08-24 01:44:08","2023-08-24 01:44:08"
692,132,"2023-08-24 01:44:08","2023-08-24 01:44:08"
693,132,"2023-08-24 01:44:08","2023-08-24 01:44:08"
694,132,"2023-08-24 01:44:08","2023-08-24 01:44:08"
695,132,"2023-08-24 01:44:08","2023-08-24 01:44:08"
696,132,"2023-08-24 01:44:08","2023-08-24 01:44:08"
697,132,"2023-08-24 01:44:08","2023-08-24 01:44:08"
698,116,"2023-08-24 01:44:08","2023-08-24 01:44:08"
699,116,"2023-08-24 01:44:08","2023-08-24 01:44:08"
700,116,"2023-08-24 01:44:08","2023-08-24 01:44:08"
701,116,"2023-08-24 01:44:08","2023-08-24 01:44:08"
702,116,"2023-08-24 01:44:08","2023-08-24 01:44:08"
703,116,"2023-08-24 01:44:08","2023-08-24 01:44:08"
704,116,"2023-08-24 01:44:08","2023-08-24 01:44:08"
705,116,"2023-08-24 01:44:08","2023-08-24 01:44:08"
706,116,"2023-08-24 01:44:08","2023-08-24 01:44:08"
707,116,"2023-08-24 01:44:08","2023-08-24 01:44:08"
708,120,"2023-08-24 01:44:08","2023-08-24 01:44:08"
709,120,"2023-08-24 01:44:08","2023-08-24 01:44:08"
710,120,"2023-08-24 01:44:08","2023-08-24 01:44:08"
711,120,"2023-08-24 01:44:08","2023-08-24 01:44:08"
712,120,"2023-08-24 01:44:08","2023-08-24 01:44:08"
713,120,"2023-08-24 01:44:08","2023-08-24 01:44:08"
714,120,"2023-08-24 01:44:08","2023-08-24 01:44:08"
715,120,"2023-08-24 01:44:08","2023-08-24 01:44:08"
716,120,"2023-08-24 01:44:08","2023-08-24 01:44:08"
717,120,"2023-08-24 01:44:08","2023-08-24 01:44:08"
718,124,"2023-08-24 01:44:08","2023-08-24 01:44:08"
719,124,"2023-08-24 01:44:08","2023-08-24 01:44:08"
720,124,"2023-08-24 01:44:08","2023-08-24 01:44:08"
721,124,"2023-08-24 01:44:08","2023-08-24 01:44:08"
722,124,"2023-08-24 01:44:08","2023-08-24 01:44:08"
723,124,"2023-08-24 01:44:08","2023-08-24 01:44:08"
724,124,"2023-08-24 01:44:08","2023-08-24 01:44:08"
725,124,"2023-08-24 01:44:08","2023-08-24 01:44:08"
726,124,"2023-08-24 01:44:08","2023-08-24 01:44:08"
727,124,"2023-08-24 01:44:08","2023-08-24 01:44:08"
728,136,"2023-08-24 01:44:08","2023-08-24 01:44:08"
729,136,"2023-08-24 01:44:08","2023-08-24 01:44:08"
730,136,"2023-08-24 01:44:08","2023-08-24 01:44:08"
731,136,"2023-08-24 01:44:08","2023-08-24 01:44:08"
732,136,"2023-08-24 01:44:08","2023-08-24 01:44:08"
733,136,"2023-08-24 01:44:08","2023-08-24 01:44:08"
734,136,"2023-08-24 01:44:08","2023-08-24 01:44:08"
735,140,"2023-08-24 01:44:08","2023-08-24 01:44:08"
736,140,"2023-08-24 01:44:08","2023-08-24 01:44:08"
737,140,"2023-08-24 01:44:08","2023-08-24 01:44:08"
738,140,"2023-08-24 01:44:08","2023-08-24 01:44:08"
739,140,"2023-08-24 01:44:08","2023-08-24 01:44:08"
740,140,"2023-08-24 01:44:08","2023-08-24 01:44:08"
741,140,"2023-08-24 01:44:08","2023-08-24 01:44:08"
742,140,"2023-08-24 01:44:08","2023-08-24 01:44:08"
743,140,"2023-08-24 01:44:08","2023-08-24 01:44:08"
744,140,"2023-08-24 01:44:08","2023-08-24 01:44:08"
745,148,"2023-08-24 01:44:08","2023-08-24 01:44:08"
746,148,"2023-08-24 01:44:08","2023-08-24 01:44:08"
747,148,"2023-08-24 01:44:08","2023-08-24 01:44:08"
748,148,"2023-08-24 01:44:08","2023-08-24 01:44:08"
749,148,"2023-08-24 01:44:08","2023-08-24 01:44:08"
750,148,"2023-08-24 01:44:08","2023-08-24 01:44:08"
751,148,"2023-08-24 01:44:08","2023-08-24 01:44:08"
752,148,"2023-08-24 01:44:08","2023-08-24 01:44:08"
753,148,"2023-08-24 01:44:08","2023-08-24 01:44:08"
754,148,"2023-08-24 01:44:08","2023-08-24 01:44:08"
755,152,"2023-08-24 01:44:08","2023-08-24 01:44:08"
756,152,"2023-08-24 01:44:08","2023-08-24 01:44:08"
757,152,"2023-08-24 01:44:08","2023-08-24 01:44:08"
758,152,"2023-08-24 01:44:08","2023-08-24 01:44:08"
759,152,"2023-08-24 01:44:08","2023-08-24 01:44:08"
760,152,"2023-08-24 01:44:08","2023-08-24 01:44:08"
761,152,"2023-08-24 01:44:08","2023-08-24 01:44:08"
762,152,"2023-08-24 01:44:08","2023-08-24 01:44:08"
763,152,"2023-08-24 01:44:08","2023-08-24 01:44:08"
764,152,"2023-08-24 01:44:08","2023-08-24 01:44:08"
765,156,"2023-08-24 01:44:08","2023-08-24 01:44:08"
766,156,"2023-08-24 01:44:08","2023-08-24 01:44:08"
767,156,"2023-08-24 01:44:08","2023-08-24 01:44:08"
768,156,"2023-08-24 01:44:08","2023-08-24 01:44:08"
769,156,"2023-08-24 01:44:08","2023-08-24 01:44:08"
770,156,"2023-08-24 01:44:08","2023-08-24 01:44:08"
771,156,"2023-08-24 01:44:08","2023-08-24 01:44:08"
772,156,"2023-08-24 01:44:08","2023-08-24 01:44:08"
773,156,"2023-08-24 01:44:08","2023-08-24 01:44:08"
774,156,"2023-08-24 01:44:08","2023-08-24 01:44:08"
775,156,"2023-08-24 01:44:08","2023-08-24 01:44:08"
776,156,"2023-08-24 01:44:08","2023-08-24 01:44:08"
777,156,"2023-08-24 01:44:08","2023-08-24 01:44:08"
778,156,"2023-08-24 01:44:08","2023-08-24 01:44:08"
779,156,"2023-08-24 01:44:08","2023-08-24 01:44:08"
780,156,"2023-08-24 01:44:08","2023-08-24 01:44:08"
781,156,"2023-08-24 01:44:08","2023-08-24 01:44:08"
782,156,"2023-08-24 01:44:08","2023-08-24 01:44:08"
783,156,"2023-08-24 01:44:08","2023-08-24 01:44:08"
784,156,"2023-08-24 01:44:08","2023-08-24 01:44:08"
785,156,"2023-08-24 01:44:08","2023-08-24 01:44:08"
786,156,"2023-08-24 01:44:08","2023-08-24 01:44:08"
787,156,"2023-08-24 01:44:08","2023-08-24 01:44:08"
788,156,"2023-08-24 01:44:08","2023-08-24 01:44:08"
789,156,"2023-08-24 01:44:08","2023-08-24 01:44:08"
790,156,"2023-08-24 01:44:08","2023-08-24 01:44:08"
791,156,"2023-08-24 01:44:08","2023-08-24 01:44:08"
792,156,"2023-08-24 01:44:08","2023-08-24 01:44:08"
793,156,"2023-08-24 01:44:08","2023-08-24 01:44:08"
794,156,"2023-08-24 01:44:08","2023-08-24 01:44:08"
795,156,"2023-08-24 01:44:08","2023-08-24 01:44:08"
796,156,"2023-08-24 01:44:08","2023-08-24 01:44:08"
797,156,"2023-08-24 01:44:08","2023-08-24 01:44:08"
798,156,"2023-08-24 01:44:08","2023-08-24 01:44:08"
799,156,"2023-08-24 01:44:08","2023-08-24 01:44:08"
800,156,"2023-08-24 01:44:08","2023-08-24 01:44:08"
801,156,"2023-08-24 01:44:08","2023-08-24 01:44:08"
802,156,"2023-08-24 01:44:08","2023-08-24 01:44:08"
803,156,"2023-08-24 01:44:08","2023-08-24 01:44:08"
804,156,"2023-08-24 01:44:08","2023-08-24 01:44:08"
805,156,"2023-08-24 01:44:08","2023-08-24 01:44:08"
806,162,"2023-08-24 01:44:08","2023-08-24 01:44:08"
807,162,"2023-08-24 01:44:08","2023-08-24 01:44:08"
808,162,"2023-08-24 01:44:08","2023-08-24 01:44:08"
809,162,"2023-08-24 01:44:08","2023-08-24 01:44:08"
810,162,"2023-08-24 01:44:08","2023-08-24 01:44:08"
811,166,"2023-08-24 01:44:08","2023-08-24 01:44:08"
812,166,"2023-08-24 01:44:08","2023-08-24 01:44:08"
813,166,"2023-08-24 01:44:08","2023-08-24 01:44:08"
814,166,"2023-08-24 01:44:08","2023-08-24 01:44:08"
815,166,"2023-08-24 01:44:08","2023-08-24 01:44:08"
819,170,"2023-08-24 01:44:08","2023-08-24 01:44:08"
820,170,"2023-08-24 01:44:08","2023-08-24 01:44:08"
821,170,"2023-08-24 01:44:08","2023-08-24 01:44:08"
822,170,"2023-08-24 01:44:08","2023-08-24 01:44:08"
823,170,"2023-08-24 01:44:08","2023-08-24 01:44:08"
824,170,"2023-08-24 01:44:08","2023-08-24 01:44:08"
825,170,"2023-08-24 01:44:08","2023-08-24 01:44:08"
826,170,"2023-08-24 01:44:08","2023-08-24 01:44:08"
827,170,"2023-08-24 01:44:08","2023-08-24 01:44:08"
828,170,"2023-08-24 01:44:08","2023-08-24 01:44:08"
829,170,"2023-08-24 01:44:08","2023-08-24 01:44:08"
830,170,"2023-08-24 01:44:08","2023-08-24 01:44:08"
831,170,"2023-08-24 01:44:08","2023-08-24 01:44:08"
832,170,"2023-08-24 01:44:08","2023-08-24 01:44:08"
833,170,"2023-08-24 01:44:08","2023-08-24 01:44:08"
834,170,"2023-08-24 01:44:08","2023-08-24 01:44:08"
835,170,"2023-08-24 01:44:08","2023-08-24 01:44:08"
836,170,"2023-08-24 01:44:08","2023-08-24 01:44:08"
837,170,"2023-08-24 01:44:08","2023-08-24 01:44:08"
838,170,"2023-08-24 01:44:08","2023-08-24 01:44:08"
839,170,"2023-08-24 01:44:08","2023-08-24 01:44:08"
840,170,"2023-08-24 01:44:08","2023-08-24 01:44:08"
841,170,"2023-08-24 01:44:08","2023-08-24 01:44:08"
842,174,"2023-08-24 01:44:08","2023-08-24 01:44:08"
843,174,"2023-08-24 01:44:08","2023-08-24 01:44:08"
844,174,"2023-08-24 01:44:08","2023-08-24 01:44:08"
845,174,"2023-08-24 01:44:08","2023-08-24 01:44:08"
846,174,"2023-08-24 01:44:08","2023-08-24 01:44:08"
847,174,"2023-08-24 01:44:08","2023-08-24 01:44:08"
848,174,"2023-08-24 01:44:08","2023-08-24 01:44:08"
849,174,"2023-08-24 01:44:08","2023-08-24 01:44:08"
850,174,"2023-08-24 01:44:08","2023-08-24 01:44:08"
851,174,"2023-08-24 01:44:08","2023-08-24 01:44:08"
852,178,"2023-08-24 01:44:08","2023-08-24 01:44:08"
853,178,"2023-08-24 01:44:08","2023-08-24 01:44:08"
854,178,"2023-08-24 01:44:08","2023-08-24 01:44:08"
855,178,"2023-08-24 01:44:08","2023-08-24 01:44:08"
856,178,"2023-08-24 01:44:08","2023-08-24 01:44:08"
857,178,"2023-08-24 01:44:08","2023-08-24 01:44:08"
858,178,"2023-08-24 01:44:08","2023-08-24 01:44:08"
859,178,"2023-08-24 01:44:08","2023-08-24 01:44:08"
860,178,"2023-08-24 01:44:08","2023-08-24 01:44:08"
861,178,"2023-08-24 01:44:08","2023-08-24 01:44:08"
862,180,"2023-08-24 01:44:08","2023-08-24 01:44:08"
863,180,"2023-08-24 01:44:08","2023-08-24 01:44:08"
864,180,"2023-08-24 01:44:08","2023-08-24 01:44:08"
865,180,"2023-08-24 01:44:08","2023-08-24 01:44:08"
866,180,"2023-08-24 01:44:08","2023-08-24 01:44:08"
867,180,"2023-08-24 01:44:08","2023-08-24 01:44:08"
868,180,"2023-08-24 01:44:08","2023-08-24 01:44:08"
869,180,"2023-08-24 01:44:08","2023-08-24 01:44:08"
870,180,"2023-08-24 01:44:08","2023-08-24 01:44:08"
871,180,"2023-08-24 01:44:08","2023-08-24 01:44:08"
872,184,"2023-08-24 01:44:08","2023-08-24 01:44:08"
873,184,"2023-08-24 01:44:08","2023-08-24 01:44:08"
874,184,"2023-08-24 01:44:08","2023-08-24 01:44:08"
875,184,"2023-08-24 01:44:08","2023-08-24 01:44:08"
876,184,"2023-08-24 01:44:08","2023-08-24 01:44:08"
877,184,"2023-08-24 01:44:08","2023-08-24 01:44:08"
878,184,"2023-08-24 01:44:08","2023-08-24 01:44:08"
879,184,"2023-08-24 01:44:08","2023-08-24 01:44:08"
880,184,"2023-08-24 01:44:08","2023-08-24 01:44:08"
881,184,"2023-08-24 01:44:08","2023-08-24 01:44:08"
882,188,"2023-08-24 01:44:08","2023-08-24 01:44:08"
883,188,"2023-08-24 01:44:08","2023-08-24 01:44:08"
884,188,"2023-08-24 01:44:08","2023-08-24 01:44:08"
885,188,"2023-08-24 01:44:08","2023-08-24 01:44:08"
886,188,"2023-08-24 01:44:08","2023-08-24 01:44:08"
887,188,"2023-08-24 01:44:08","2023-08-24 01:44:08"
888,188,"2023-08-24 01:44:08","2023-08-24 01:44:08"
889,188,"2023-08-24 01:44:08","2023-08-24 01:44:08"
890,188,"2023-08-24 01:44:08","2023-08-24 01:44:08"
891,188,"2023-08-24 01:44:08","2023-08-24 01:44:08"
892,384,"2023-08-24 01:44:08","2023-08-24 01:44:08"
893,384,"2023-08-24 01:44:08","2023-08-24 01:44:08"
894,384,"2023-08-24 01:44:08","2023-08-24 01:44:08"
895,384,"2023-08-24 01:44:08","2023-08-24 01:44:08"
896,384,"2023-08-24 01:44:08","2023-08-24 01:44:08"
897,384,"2023-08-24 01:44:08","2023-08-24 01:44:08"
898,384,"2023-08-24 01:44:08","2023-08-24 01:44:08"
899,384,"2023-08-24 01:44:08","2023-08-24 01:44:08"
900,384,"2023-08-24 01:44:08","2023-08-24 01:44:08"
901,384,"2023-08-24 01:44:08","2023-08-24 01:44:08"
902,191,"2023-08-24 01:44:08","2023-08-24 01:44:08"
903,191,"2023-08-24 01:44:08","2023-08-24 01:44:08"
904,191,"2023-08-24 01:44:08","2023-08-24 01:44:08"
905,191,"2023-08-24 01:44:08","2023-08-24 01:44:08"
906,191,"2023-08-24 01:44:08","2023-08-24 01:44:08"
907,191,"2023-08-24 01:44:08","2023-08-24 01:44:08"
908,191,"2023-08-24 01:44:08","2023-08-24 01:44:08"
909,191,"2023-08-24 01:44:08","2023-08-24 01:44:08"
910,191,"2023-08-24 01:44:08","2023-08-24 01:44:08"
911,191,"2023-08-24 01:44:08","2023-08-24 01:44:08"
912,192,"2023-08-24 01:44:08","2023-08-24 01:44:08"
913,192,"2023-08-24 01:44:08","2023-08-24 01:44:08"
914,192,"2023-08-24 01:44:08","2023-08-24 01:44:08"
915,192,"2023-08-24 01:44:08","2023-08-24 01:44:08"
916,192,"2023-08-24 01:44:08","2023-08-24 01:44:08"
917,192,"2023-08-24 01:44:08","2023-08-24 01:44:08"
918,192,"2023-08-24 01:44:08","2023-08-24 01:44:08"
919,192,"2023-08-24 01:44:08","2023-08-24 01:44:08"
920,192,"2023-08-24 01:44:08","2023-08-24 01:44:08"
921,192,"2023-08-24 01:44:08","2023-08-24 01:44:08"
922,531,"2023-08-24 01:44:08","2023-08-24 01:44:08"
923,531,"2023-08-24 01:44:08","2023-08-24 01:44:08"
924,531,"2023-08-24 01:44:08","2023-08-24 01:44:08"
925,531,"2023-08-24 01:44:08","2023-08-24 01:44:08"
926,531,"2023-08-24 01:44:08","2023-08-24 01:44:08"
927,531,"2023-08-24 01:44:08","2023-08-24 01:44:08"
928,531,"2023-08-24 01:44:08","2023-08-24 01:44:08"
929,531,"2023-08-24 01:44:08","2023-08-24 01:44:08"
930,531,"2023-08-24 01:44:08","2023-08-24 01:44:08"
931,531,"2023-08-24 01:44:08","2023-08-24 01:44:08"
932,196,"2023-08-24 01:44:08","2023-08-24 01:44:08"
933,196,"2023-08-24 01:44:08","2023-08-24 01:44:08"
934,196,"2023-08-24 01:44:08","2023-08-24 01:44:08"
935,196,"2023-08-24 01:44:08","2023-08-24 01:44:08"
936,196,"2023-08-24 01:44:08","2023-08-24 01:44:08"
937,196,"2023-08-24 01:44:08","2023-08-24 01:44:08"
938,196,"2023-08-24 01:44:08","2023-08-24 01:44:08"
939,196,"2023-08-24 01:44:08","2023-08-24 01:44:08"
940,196,"2023-08-24 01:44:08","2023-08-24 01:44:08"
941,196,"2023-08-24 01:44:08","2023-08-24 01:44:08"
942,203,"2023-08-24 01:44:08","2023-08-24 01:44:08"
943,203,"2023-08-24 01:44:08","2023-08-24 01:44:08"
944,203,"2023-08-24 01:44:08","2023-08-24 01:44:08"
945,203,"2023-08-24 01:44:08","2023-08-24 01:44:08"
946,203,"2023-08-24 01:44:08","2023-08-24 01:44:08"
947,203,"2023-08-24 01:44:08","2023-08-24 01:44:08"
948,203,"2023-08-24 01:44:08","2023-08-24 01:44:08"
949,203,"2023-08-24 01:44:08","2023-08-24 01:44:08"
950,203,"2023-08-24 01:44:08","2023-08-24 01:44:08"
951,203,"2023-08-24 01:44:08","2023-08-24 01:44:08"
952,208,"2023-08-24 01:44:08","2023-08-24 01:44:08"
953,208,"2023-08-24 01:44:08","2023-08-24 01:44:08"
954,208,"2023-08-24 01:44:08","2023-08-24 01:44:08"
955,208,"2023-08-24 01:44:08","2023-08-24 01:44:08"
956,208,"2023-08-24 01:44:08","2023-08-24 01:44:08"
957,208,"2023-08-24 01:44:08","2023-08-24 01:44:08"
958,208,"2023-08-24 01:44:08","2023-08-24 01:44:08"
959,208,"2023-08-24 01:44:08","2023-08-24 01:44:08"
960,208,"2023-08-24 01:44:08","2023-08-24 01:44:08"
961,208,"2023-08-24 01:44:08","2023-08-24 01:44:08"
962,262,"2023-08-24 01:44:08","2023-08-24 01:44:08"
963,262,"2023-08-24 01:44:08","2023-08-24 01:44:08"
964,262,"2023-08-24 01:44:08","2023-08-24 01:44:08"
965,262,"2023-08-24 01:44:08","2023-08-24 01:44:08"
966,262,"2023-08-24 01:44:08","2023-08-24 01:44:08"
967,262,"2023-08-24 01:44:08","2023-08-24 01:44:08"
968,262,"2023-08-24 01:44:08","2023-08-24 01:44:08"
969,262,"2023-08-24 01:44:08","2023-08-24 01:44:08"
970,262,"2023-08-24 01:44:08","2023-08-24 01:44:08"
971,262,"2023-08-24 01:44:08","2023-08-24 01:44:08"
972,262,"2023-08-24 01:44:08","2023-08-24 01:44:08"
973,262,"2023-08-24 01:44:08","2023-08-24 01:44:08"
974,212,"2023-08-24 01:44:08","2023-08-24 01:44:08"
975,212,"2023-08-24 01:44:08","2023-08-24 01:44:08"
976,212,"2023-08-24 01:44:08","2023-08-24 01:44:08"
977,212,"2023-08-24 01:44:08","2023-08-24 01:44:08"
978,212,"2023-08-24 01:44:08","2023-08-24 01:44:08"
979,212,"2023-08-24 01:44:08","2023-08-24 01:44:08"
980,212,"2023-08-24 01:44:08","2023-08-24 01:44:08"
981,212,"2023-08-24 01:44:08","2023-08-24 01:44:08"
982,212,"2023-08-24 01:44:08","2023-08-24 01:44:08"
983,212,"2023-08-24 01:44:08","2023-08-24 01:44:08"
984,212,"2023-08-24 01:44:08","2023-08-24 01:44:08"
985,212,"2023-08-24 01:44:08","2023-08-24 01:44:08"
986,212,"2023-08-24 01:44:08","2023-08-24 01:44:08"
987,212,"2023-08-24 01:44:08","2023-08-24 01:44:08"
988,212,"2023-08-24 01:44:08","2023-08-24 01:44:08"
989,212,"2023-08-24 01:44:08","2023-08-24 01:44:08"
990,212,"2023-08-24 01:44:08","2023-08-24 01:44:08"
991,212,"2023-08-24 01:44:08","2023-08-24 01:44:08"
992,212,"2023-08-24 01:44:08","2023-08-24 01:44:08"
993,212,"2023-08-24 01:44:08","2023-08-24 01:44:08"
994,214,"2023-08-24 01:44:08","2023-08-24 01:44:08"
995,214,"2023-08-24 01:44:08","2023-08-24 01:44:08"
996,214,"2023-08-24 01:44:08","2023-08-24 01:44:08"
997,214,"2023-08-24 01:44:08","2023-08-24 01:44:08"
998,214,"2023-08-24 01:44:08","2023-08-24 01:44:08"
999,214,"2023-08-24 01:44:08","2023-08-24 01:44:08"
1000,214,"2023-08-24 01:44:08","2023-08-24 01:44:08"
1001,214,"2023-08-24 01:44:08","2023-08-24 01:44:08"
1002,214,"2023-08-24 01:44:08","2023-08-24 01:44:08"
1003,214,"2023-08-24 01:44:08","2023-08-24 01:44:08"
1004,214,"2023-08-24 01:44:08","2023-08-24 01:44:08"
1005,214,"2023-08-24 01:44:08","2023-08-24 01:44:08"
1006,214,"2023-08-24 01:44:08","2023-08-24 01:44:08"
1007,214,"2023-08-24 01:44:08","2023-08-24 01:44:08"
1008,214,"2023-08-24 01:44:08","2023-08-24 01:44:08"
1009,214,"2023-08-24 01:44:08","2023-08-24 01:44:08"
1010,214,"2023-08-24 01:44:08","2023-08-24 01:44:08"
1011,214,"2023-08-24 01:44:08","2023-08-24 01:44:08"
1012,214,"2023-08-24 01:44:08","2023-08-24 01:44:08"
1013,218,"2023-08-24 01:44:08","2023-08-24 01:44:08"
1014,218,"2023-08-24 01:44:08","2023-08-24 01:44:08"
1015,218,"2023-08-24 01:44:08","2023-08-24 01:44:08"
1016,218,"2023-08-24 01:44:08","2023-08-24 01:44:08"
1017,218,"2023-08-24 01:44:08","2023-08-24 01:44:08"
